GTM Container Debug Information,
Container ID,GTM-N26LKHCP
JS Length,790437 characters
Date,Wed Dec 10 2025 15:48:54 GMT-0500 (Eastern Standard Time)
,
First 2000 characters:,
"
// Copyright 2012 Google Inc. All rights reserved.
 
 (function(w,g){w[g]=w[g]||{};
 w[g].e=function(s){return eval(s);};})(window,'google_tag_manager');
 
(function(){

var data = {
""resource"": {
  ""version"":""57"",
  
  ""macros"":[{""function"":""__e""},{""function"":""__v"",""vtp_name"":""gtm.triggers"",""vtp_dataLayerVersion"":2,""vtp_setDefaultValue"":true,""vtp_defaultValue"":""""},{""function"":""__u"",""vtp_component"":""HOST"",""vtp_enableMultiQueryKeys"":false,""vtp_enableIgnoreEmptyQueryParam"":false},{""function"":""__r""},{""function"":""__u"",""vtp_enableMultiQueryKeys"":false,""vtp_enableIgnoreEmptyQueryParam"":false},{""function"":""__e""},{""function"":""__u"",""vtp_component"":""PATH"",""vtp_enableMultiQueryKeys"":false,""vtp_enableIgnoreEmptyQueryParam"":false},{""function"":""__u"",""vtp_component"":""QUERY"",""vtp_queryKey"":""test-page"",""vtp_enableMultiQueryKeys"":false,""vtp_enableIgnoreEmptyQueryParam"":false},{""function"":""__u"",""vtp_stripWww"":true,""vtp_component"":""HOST"",""vtp_enableMultiQueryKeys"":false,""vtp_enableIgnoreEmptyQueryParam"":false},{""function"":""__u"",""vtp_component"":""QUERY"",""vtp_queryKey"":""m"",""vtp_enableMultiQueryKeys"":false,""vtp_enableIgnoreEmptyQueryParam"":false},{""function"":""__jsm"",""vtp_javascript"":[""template"",""(function(){var a="",[""escape"",[""macro"",6],8,16],""==\""\/seaworld-orlando\/pages\/initiative\/\""?"",[""escape"",[""macro"",7],8,16],"".replace(\""http:\/\/\"",\""\""):"",[""escape"",[""macro"",8],8,16],""+"",[""escape"",[""macro"",6],8,16],"";a=a.toLowerCase();a=a.replace(\""\/en\/\"",\""\/\"");a=a.replace(\""www.\"",\""\"");a=a.replace(\""secure.\"",\""\"");a=a.replace(\""qa.\"",\""\"").replace(\""qa-secure.\"",\""\"");a.substring(a.length-1)==\""\/\""\u0026\u0026(a=a.substring(0,a.length-1));"",[""escape"",[""macro"",9],8,16],""==\""1\""\u0026\u0026(a+=\""?m\\x3d1\"");return a})();""]},{""function"":""__jsm"",""vtp_javascript"":[""template"",""(function(){return "",[""escape"",[""macro"",10],8,16],"".replace(\""?m\\x3d1\"",\""\"")})();""]},{""function"":""__v"",""vtp_dataLayerVersion"":2,""vtp_name"":""ecommerce""},{""function"":""__jsm"",""vtp_javascript"":[""template"",""(function(){retu",
,
Last 1000 characters:,
"r v=""GTM"",x=""GTM"";Zi&&(v=""OGT"",x=""GTAG"");var y=D(23),A=w[y];A||(A=[],w[y]=A,Nc(""https://""+D(3)+""/debug/bootstrap?id=""+D(5)+""&src=""+x+""&cond=""+String(t)+""&gtm=""+tp()));var C={messageType:""CONTAINER_STARTING"",
data:{scriptSource:Ec,containerProduct:v,debug:!1,id:D(5),targetRef:{ctid:D(5),isDestination:Mj(),canonicalId:D(6)},aliases:Qj(),destinations:Nj()}};C.data.resume=function(){a()};kg(2)&&(C.data.initialPublish=!0);A.push(C)},h={Cp:1,Ul:2,wm:3,qk:4,Fl:5};h[h.Cp]=""GTM_DEBUG_LEGACY_PARAM"";h[h.Ul]=""GTM_DEBUG_PARAM"";h[h.wm]=""REFERRER"";h[h.qk]=""COOKIE"";h[h.Fl]=""EXTENSION_PARAM"";var l=void 0,n=void 0,p=jj(w.location,""query"",!1,void 0,""gtm_debug"");on(p)&&(l=h.Ul);if(!l&&z.referrer){var q=pj(z.referrer);lj(q,
""host"")===D(24)&&(l=h.wm)}if(!l){var r=xr(""__TAG_ASSISTANT"");r.length&&r[0].length&&(l=h.qk)}l||b();if(!l&&nn(n)){var u=!1;Sc(z,""TADebugSignal"",function(){u||(u=!0,b(),c())},!1);w.setTimeout(function(){u||(u=!0,b(),c())},200)}else c()})(function(){!kg(47)||Om()[""0""]?Mm():Lm()});

})()

",
,
Search for key patterns:,
"Contains ""tags"":",YES
"Contains ""macros"":",YES
"Contains ""predicates"":",YES
"Contains ""rules"":",YES
"Contains ""resource"":",YES
"Contains ""google_tag_manager"":",YES
"Contains "".push("":",YES
,
Character counts:,
Opening braces {,6765
Closing braces },6765
Opening brackets [,11025
Closing brackets ],11025