containerId,id,name,type,conditionsSummary,raw
GTM-N26LKHCP,trigger_0,Trigger #0,Custom Trigger,All Pages,"[[""if"",0,1],[""add"",14,60]]"
GTM-N26LKHCP,trigger_1,Trigger #1,Custom Trigger,All Pages,"[[""if"",0,4],[""add"",15]]"
GTM-N26LKHCP,trigger_2,Trigger #2,Custom Trigger,All Pages,"[[""if"",0,5],[""add"",16]]"
GTM-N26LKHCP,trigger_3,Trigger #3,Custom Trigger,All Pages,"[[""if"",7,8],[""unless"",6],[""add"",17]]"
GTM-N26LKHCP,trigger_4,Trigger #4,Custom Trigger,All Pages,"[[""if"",0,9],[""add"",18]]"
GTM-N26LKHCP,trigger_5,Trigger #5,Custom Trigger,All Pages,"[[""if"",0,10],[""add"",19]]"
GTM-N26LKHCP,trigger_6,Trigger #6,Custom Trigger,All Pages,"[[""if"",0,11],[""add"",20]]"
GTM-N26LKHCP,trigger_7,Trigger #7,Custom Trigger,All Pages,"[[""if"",12,13],[""unless"",6],[""add"",21,572,577,578,582,609]]"
GTM-N26LKHCP,trigger_8,Trigger #8,Custom Trigger,All Pages,"[[""if"",0,15],[""add"",22,71]]"
GTM-N26LKHCP,trigger_9,Trigger #9,Custom Trigger,All Pages,"[[""if"",0,16],[""add"",23,25,55,107,565,585]]"
GTM-N26LKHCP,trigger_10,Trigger #10,Custom Trigger,All Pages,"[[""if"",0,17],[""add"",24]]"
GTM-N26LKHCP,trigger_11,Trigger #11,Custom Trigger,All Pages,"[[""if"",0,18],[""add"",26]]"
GTM-N26LKHCP,trigger_12,Trigger #12,Custom Trigger,All Pages,"[[""if"",8],[""unless"",6],[""add"",27,41,85,94,554,555,580,598,603,626,630,633]]"
GTM-N26LKHCP,trigger_13,Trigger #13,Custom Trigger,All Pages,"[[""if"",0,19],[""add"",28,120]]"
GTM-N26LKHCP,trigger_14,Trigger #14,Custom Trigger,All Pages,"[[""if"",20,21],[""add"",29]]"
GTM-N26LKHCP,trigger_15,Trigger #15,Custom Trigger,All Pages,"[[""if"",0,22],[""add"",30,116,541,605,623]]"
GTM-N26LKHCP,trigger_16,Trigger #16,Custom Trigger,All Pages,"[[""if"",0,23],[""add"",31]]"
GTM-N26LKHCP,trigger_17,Trigger #17,Custom Trigger,All Pages,"[[""if"",0,24],[""add"",32]]"
GTM-N26LKHCP,trigger_18,Trigger #18,Custom Trigger,All Pages,"[[""if"",0,25],[""add"",33,600]]"
GTM-N26LKHCP,trigger_19,Trigger #19,Custom Trigger,All Pages,"[[""if"",0,26],[""add"",34]]"
GTM-N26LKHCP,trigger_20,Trigger #20,Custom Trigger,All Pages,"[[""if"",0,27],[""add"",35,69]]"
GTM-N26LKHCP,trigger_21,Trigger #21,Custom Trigger,All Pages,"[[""if"",0,28],[""add"",36]]"
GTM-N26LKHCP,trigger_22,Trigger #22,Custom Trigger,All Pages,"[[""if"",0,29],[""add"",37,52]]"
GTM-N26LKHCP,trigger_23,Trigger #23,Custom Trigger,All Pages,"[[""if"",0,30],[""add"",38]]"
GTM-N26LKHCP,trigger_24,Trigger #24,Custom Trigger,All Pages,"[[""if"",0,31],[""add"",39]]"
GTM-N26LKHCP,trigger_25,Trigger #25,Custom Trigger,All Pages,"[[""if"",21,32],[""add"",40]]"
GTM-N26LKHCP,trigger_26,Trigger #26,Custom Trigger,All Pages,"[[""if"",0,33],[""add"",0,1,2,3,4,5,6,559,564,8,592,604,606,608,628,629,632,644]]"
GTM-N26LKHCP,trigger_27,Trigger #27,Custom Trigger,All Pages,"[[""if"",0,34],[""add"",42]]"
GTM-N26LKHCP,trigger_28,Trigger #28,Custom Trigger,All Pages,"[[""if"",0,35],[""add"",43]]"
GTM-N26LKHCP,trigger_29,Trigger #29,Custom Trigger,All Pages,"[[""if"",0,36],[""add"",44]]"
GTM-N26LKHCP,trigger_30,Trigger #30,Custom Trigger,All Pages,"[[""if"",0,37],[""add"",45]]"
GTM-N26LKHCP,trigger_31,Trigger #31,Custom Trigger,All Pages,"[[""if"",0,38],[""add"",46]]"
GTM-N26LKHCP,trigger_32,Trigger #32,Custom Trigger,All Pages,"[[""if"",0,39],[""add"",47]]"
GTM-N26LKHCP,trigger_33,Trigger #33,Custom Trigger,All Pages,"[[""if"",8,12],[""unless"",6],[""add"",48,68,546,558,568,601]]"
GTM-N26LKHCP,trigger_34,Trigger #34,Custom Trigger,All Pages,"[[""if"",0,40],[""add"",49]]"
GTM-N26LKHCP,trigger_35,Trigger #35,Custom Trigger,All Pages,"[[""if"",0,41],[""add"",50]]"
GTM-N26LKHCP,trigger_36,Trigger #36,Custom Trigger,All Pages,"[[""if"",0,42],[""add"",51]]"
GTM-N26LKHCP,trigger_37,Trigger #37,Custom Trigger,All Pages,"[[""if"",0,43],[""add"",53]]"
GTM-N26LKHCP,trigger_38,Trigger #38,Custom Trigger,All Pages,"[[""if"",0,44],[""add"",54]]"
GTM-N26LKHCP,trigger_39,Trigger #39,Custom Trigger,All Pages,"[[""if"",0,45],[""add"",56]]"
GTM-N26LKHCP,trigger_40,Trigger #40,Custom Trigger,All Pages,"[[""if"",0,46],[""add"",57]]"
GTM-N26LKHCP,trigger_41,Trigger #41,Custom Trigger,All Pages,"[[""if"",21,47,48],[""add"",58]]"
GTM-N26LKHCP,trigger_42,Trigger #42,Custom Trigger,All Pages,"[[""if"",0,49],[""add"",59]]"
GTM-N26LKHCP,trigger_43,Trigger #43,Custom Trigger,All Pages,"[[""if"",50,51,52],[""add"",61]]"
GTM-N26LKHCP,trigger_44,Trigger #44,Custom Trigger,All Pages,"[[""if"",0,53],[""add"",62,544]]"
GTM-N26LKHCP,trigger_45,Trigger #45,Custom Trigger,All Pages,"[[""if"",0,54],[""add"",63]]"
GTM-N26LKHCP,trigger_46,Trigger #46,Custom Trigger,All Pages,"[[""if"",52,55,56],[""add"",64]]"
GTM-N26LKHCP,trigger_47,Trigger #47,Custom Trigger,All Pages,"[[""if"",0,57],[""add"",65]]"
GTM-N26LKHCP,trigger_48,Trigger #48,Custom Trigger,All Pages,"[[""if"",0,58],[""add"",66]]"
GTM-N26LKHCP,trigger_49,Trigger #49,Custom Trigger,All Pages,"[[""if"",0,59],[""add"",67]]"
GTM-N26LKHCP,trigger_50,Trigger #50,Custom Trigger,All Pages,"[[""if"",0,60],[""add"",70]]"
GTM-N26LKHCP,trigger_51,Trigger #51,Custom Trigger,All Pages,"[[""if"",0,61],[""add"",72]]"
GTM-N26LKHCP,trigger_52,Trigger #52,Custom Trigger,All Pages,"[[""if"",0,62],[""add"",73,561,581,587,611,612]]"
GTM-N26LKHCP,trigger_53,Trigger #53,Custom Trigger,All Pages,"[[""if"",8],[""unless"",6,63],[""add"",74,143,610]]"
GTM-N26LKHCP,trigger_54,Trigger #54,Custom Trigger,All Pages,"[[""if"",0,64],[""add"",75]]"
GTM-N26LKHCP,trigger_55,Trigger #55,Custom Trigger,All Pages,"[[""if"",66],[""unless"",65],[""add"",76,98,545,560,579,591]]"
GTM-N26LKHCP,trigger_56,Trigger #56,Custom Trigger,All Pages,"[[""if"",0,67],[""add"",77]]"
GTM-N26LKHCP,trigger_57,Trigger #57,Custom Trigger,All Pages,"[[""if"",0,68],[""add"",78]]"
GTM-N26LKHCP,trigger_58,Trigger #58,Custom Trigger,All Pages,"[[""if"",8,69,70,71],[""unless"",6],[""add"",79,117,119]]"
GTM-N26LKHCP,trigger_59,Trigger #59,Custom Trigger,All Pages,"[[""if"",0,72],[""add"",80]]"
GTM-N26LKHCP,trigger_60,Trigger #60,Custom Trigger,All Pages,"[[""if"",73,74],[""add"",81,98,545,548,560,579,580,591]]"
GTM-N26LKHCP,trigger_61,Trigger #61,Custom Trigger,All Pages,"[[""if"",0,75],[""add"",82]]"
GTM-N26LKHCP,trigger_62,Trigger #62,Custom Trigger,All Pages,"[[""if"",0,76],[""add"",83]]"
GTM-N26LKHCP,trigger_63,Trigger #63,Custom Trigger,All Pages,"[[""if"",0,77],[""add"",83]]"
GTM-N26LKHCP,trigger_64,Trigger #64,Custom Trigger,All Pages,"[[""if"",0,79],[""unless"",78],[""add"",84]]"
GTM-N26LKHCP,trigger_65,Trigger #65,Custom Trigger,All Pages,"[[""if"",80,81],[""add"",86]]"
GTM-N26LKHCP,trigger_66,Trigger #66,Custom Trigger,All Pages,"[[""if"",0,82],[""add"",87]]"
GTM-N26LKHCP,trigger_67,Trigger #67,Custom Trigger,All Pages,"[[""if"",0,83],[""add"",88]]"
GTM-N26LKHCP,trigger_68,Trigger #68,Custom Trigger,All Pages,"[[""if"",0,84],[""add"",89]]"
GTM-N26LKHCP,trigger_69,Trigger #69,Custom Trigger,All Pages,"[[""if"",0,85],[""add"",90]]"
GTM-N26LKHCP,trigger_70,Trigger #70,Custom Trigger,All Pages,"[[""if"",0,86],[""add"",90]]"
GTM-N26LKHCP,trigger_71,Trigger #71,Custom Trigger,All Pages,"[[""if"",0,87],[""add"",90]]"
GTM-N26LKHCP,trigger_72,Trigger #72,Custom Trigger,All Pages,"[[""if"",0,88],[""add"",91]]"
GTM-N26LKHCP,trigger_73,Trigger #73,Custom Trigger,All Pages,"[[""if"",52,89,90],[""add"",92]]"
GTM-N26LKHCP,trigger_74,Trigger #74,Custom Trigger,All Pages,"[[""if"",0,91],[""add"",93]]"
GTM-N26LKHCP,trigger_75,Trigger #75,Custom Trigger,All Pages,"[[""if"",0,92],[""add"",95]]"
GTM-N26LKHCP,trigger_76,Trigger #76,Custom Trigger,All Pages,"[[""if"",0,93],[""add"",96]]"
GTM-N26LKHCP,trigger_77,Trigger #77,Custom Trigger,All Pages,"[[""if"",0,94],[""add"",97]]"
GTM-N26LKHCP,trigger_78,Trigger #78,Custom Trigger,All Pages,"[[""if"",56,95],[""add"",99]]"
GTM-N26LKHCP,trigger_79,Trigger #79,Custom Trigger,All Pages,"[[""if"",0,96],[""add"",100]]"
GTM-N26LKHCP,trigger_80,Trigger #80,Custom Trigger,All Pages,"[[""if"",0,97],[""add"",101]]"
GTM-N26LKHCP,trigger_81,Trigger #81,Custom Trigger,All Pages,"[[""if"",0,98],[""add"",102]]"
GTM-N26LKHCP,trigger_82,Trigger #82,Custom Trigger,All Pages,"[[""if"",52,56,99],[""add"",103]]"
GTM-N26LKHCP,trigger_83,Trigger #83,Custom Trigger,All Pages,"[[""if"",0,100],[""add"",104]]"
GTM-N26LKHCP,trigger_84,Trigger #84,Custom Trigger,All Pages,"[[""if"",0,101],[""add"",105]]"
GTM-N26LKHCP,trigger_85,Trigger #85,Custom Trigger,All Pages,"[[""if"",0,102],[""add"",106]]"
GTM-N26LKHCP,trigger_86,Trigger #86,Custom Trigger,All Pages,"[[""if"",0,103],[""add"",108]]"
GTM-N26LKHCP,trigger_87,Trigger #87,Custom Trigger,All Pages,"[[""if"",0,104],[""add"",109]]"
GTM-N26LKHCP,trigger_88,Trigger #88,Custom Trigger,All Pages,"[[""if"",0,105],[""add"",110]]"
GTM-N26LKHCP,trigger_89,Trigger #89,Custom Trigger,All Pages,"[[""if"",0,106],[""add"",111]]"
GTM-N26LKHCP,trigger_90,Trigger #90,Custom Trigger,All Pages,"[[""if"",0,107],[""add"",112,113]]"
GTM-N26LKHCP,trigger_91,Trigger #91,Custom Trigger,All Pages,"[[""if"",0,108],[""add"",114]]"
GTM-N26LKHCP,trigger_92,Trigger #92,Custom Trigger,All Pages,"[[""if"",0,109],[""add"",115]]"
GTM-N26LKHCP,trigger_93,Trigger #93,Custom Trigger,All Pages,"[[""if"",0,110],[""add"",118]]"
GTM-N26LKHCP,trigger_94,Trigger #94,Custom Trigger,All Pages,"[[""if"",0,111],[""add"",118]]"
GTM-N26LKHCP,trigger_95,Trigger #95,Custom Trigger,All Pages,"[[""if"",8,69,71,112],[""unless"",6],[""add"",119]]"
GTM-N26LKHCP,trigger_96,Trigger #96,Custom Trigger,All Pages,"[[""if"",0,113],[""add"",120]]"
GTM-N26LKHCP,trigger_97,Trigger #97,Custom Trigger,All Pages,"[[""if"",0,114,115],[""add"",121]]"
GTM-N26LKHCP,trigger_98,Trigger #98,Custom Trigger,All Pages,"[[""if"",0,116,117],[""add"",122]]"
GTM-N26LKHCP,trigger_99,Trigger #99,Custom Trigger,All Pages,"[[""if"",0,118,119],[""add"",123]]"
GTM-N26LKHCP,trigger_100,Trigger #100,Custom Trigger,All Pages,"[[""if"",0,121],[""unless"",120],[""add"",124]]"
GTM-N26LKHCP,trigger_101,Trigger #101,Custom Trigger,All Pages,"[[""if"",0,122,123],[""add"",125]]"
GTM-N26LKHCP,trigger_102,Trigger #102,Custom Trigger,All Pages,"[[""if"",0,124],[""add"",126]]"
GTM-N26LKHCP,trigger_103,Trigger #103,Custom Trigger,All Pages,"[[""if"",0,125],[""add"",126]]"
GTM-N26LKHCP,trigger_104,Trigger #104,Custom Trigger,All Pages,"[[""if"",0,126],[""add"",126]]"
GTM-N26LKHCP,trigger_105,Trigger #105,Custom Trigger,All Pages,"[[""if"",0,127],[""add"",126]]"
GTM-N26LKHCP,trigger_106,Trigger #106,Custom Trigger,All Pages,"[[""if"",0,128],[""add"",126]]"
GTM-N26LKHCP,trigger_107,Trigger #107,Custom Trigger,All Pages,"[[""if"",0,129],[""add"",127]]"
GTM-N26LKHCP,trigger_108,Trigger #108,Custom Trigger,All Pages,"[[""if"",0,130,132],[""unless"",131],[""add"",128]]"
GTM-N26LKHCP,trigger_109,Trigger #109,Custom Trigger,All Pages,"[[""if"",95,133],[""unless"",134],[""add"",129,617,640]]"
GTM-N26LKHCP,trigger_110,Trigger #110,Custom Trigger,All Pages,"[[""if"",95,135],[""unless"",136],[""add"",130,618,641]]"
GTM-N26LKHCP,trigger_111,Trigger #111,Custom Trigger,All Pages,"[[""if"",95,137],[""unless"",138],[""add"",131,619,642]]"
GTM-N26LKHCP,trigger_112,Trigger #112,Custom Trigger,All Pages,"[[""if"",8,139],[""unless"",6,140],[""add"",132,620,637]]"
GTM-N26LKHCP,trigger_113,Trigger #113,Custom Trigger,All Pages,"[[""if"",8,135],[""unless"",6,141],[""add"",133,621,638]]"
GTM-N26LKHCP,trigger_114,Trigger #114,Custom Trigger,All Pages,"[[""if"",8,142],[""unless"",6,143],[""add"",134,622,639]]"
GTM-N26LKHCP,trigger_115,Trigger #115,Custom Trigger,All Pages,"[[""if"",95],[""add"",135,7,627,9]]"
GTM-N26LKHCP,trigger_116,Trigger #116,Custom Trigger,All Pages,"[[""if"",0,144],[""add"",136,137]]"
GTM-N26LKHCP,trigger_117,Trigger #117,Custom Trigger,All Pages,"[[""if"",95,133,145],[""unless"",134],[""add"",138]]"
GTM-N26LKHCP,trigger_118,Trigger #118,Custom Trigger,All Pages,"[[""if"",95,137,145],[""unless"",138],[""add"",139]]"
GTM-N26LKHCP,trigger_119,Trigger #119,Custom Trigger,All Pages,"[[""if"",8,139,145],[""unless"",6,140],[""add"",140]]"
GTM-N26LKHCP,trigger_120,Trigger #120,Custom Trigger,All Pages,"[[""if"",8,142,145],[""unless"",6,143],[""add"",141]]"
GTM-N26LKHCP,trigger_121,Trigger #121,Custom Trigger,All Pages,"[[""if"",8,135,145],[""unless"",6,141],[""add"",142]]"
GTM-N26LKHCP,trigger_122,Trigger #122,Custom Trigger,All Pages,"[[""if"",146],[""add"",144,145,146,147,148,149,150,151,152,153,156,159,162,165,168,171,174,177,180,183,186,189,192,195,198,201,204,207,210,213,216,219,222,225,228,231,234,237,240,243,246,249,252,255,258,261,264,267,270,273,276,279,282,285,288,291,294,297,300,303,306,309,312,315,318,321,324,327,330,333,336,339,342,345,348,351,352,370,388,410,442,493,529,636,354,357,360,363,366,369,372,375,378,381,384,387,390,393,396,399,402,405,408,411,414,417,420,423,426,429,432,435,438,441,444,447,450,453,456,459,462,465,468,471,474,477,480,483,486,489,492,496,499,502,505,508,511,514,517,520,521,522,523,525,528,531,535]]"
GTM-N26LKHCP,trigger_123,Trigger #123,Custom Trigger,All Pages,"[[""if"",147,148,149],[""add"",154]]"
GTM-N26LKHCP,trigger_124,Trigger #124,Custom Trigger,All Pages,"[[""if"",150],[""add"",155,158,161,164,167,170,173,176,179,182,185,188,191,194,197,200,203,206,209,212,215,218,221,224,227,230,233,236,239,242,245,248,251,254,257,260,263,266,269,272,275,278,281,284,287,290,293,296,299,302,305,308,311,314,317,320,323,326,329,332,335,338,341,344,347,350,353,356,359,362,365,368,371,374,377,380,383,386,389,392,395,398,401,404,407,409,413,416,419,422,425,428,431,434,437,440,443,446,449,452,455,458,461,464,467,470,473,476,479,482,484,488,490,494,498,501,504,507,510,513,515,518,526,530,532,536]]"
GTM-N26LKHCP,trigger_125,Trigger #125,Custom Trigger,All Pages,"[[""if"",112,149,151],[""add"",157]]"
GTM-N26LKHCP,trigger_126,Trigger #126,Custom Trigger,All Pages,"[[""if"",48,149,152],[""add"",160]]"
GTM-N26LKHCP,trigger_127,Trigger #127,Custom Trigger,All Pages,"[[""if"",149,153],[""add"",163]]"
GTM-N26LKHCP,trigger_128,Trigger #128,Custom Trigger,All Pages,"[[""if"",149,154],[""add"",166]]"
GTM-N26LKHCP,trigger_129,Trigger #129,Custom Trigger,All Pages,"[[""if"",149,155],[""add"",169]]"
GTM-N26LKHCP,trigger_130,Trigger #130,Custom Trigger,All Pages,"[[""if"",146],[""unless"",156],[""add"",172]]"
GTM-N26LKHCP,trigger_131,Trigger #131,Custom Trigger,All Pages,"[[""if"",149,157,158],[""add"",175]]"
GTM-N26LKHCP,trigger_132,Trigger #132,Custom Trigger,All Pages,"[[""if"",112,146,159],[""add"",178]]"
GTM-N26LKHCP,trigger_133,Trigger #133,Custom Trigger,All Pages,"[[""if"",48,146,160],[""add"",181]]"
GTM-N26LKHCP,trigger_134,Trigger #134,Custom Trigger,All Pages,"[[""if"",149,161],[""add"",184]]"
GTM-N26LKHCP,trigger_135,Trigger #135,Custom Trigger,All Pages,"[[""if"",70,149,162],[""add"",187,331]]"
GTM-N26LKHCP,trigger_136,Trigger #136,Custom Trigger,All Pages,"[[""if"",70,146,163],[""add"",190]]"
GTM-N26LKHCP,trigger_137,Trigger #137,Custom Trigger,All Pages,"[[""if"",70,146,164],[""add"",193]]"
GTM-N26LKHCP,trigger_138,Trigger #138,Custom Trigger,All Pages,"[[""if"",70,149,165],[""add"",196,487]]"
GTM-N26LKHCP,trigger_139,Trigger #139,Custom Trigger,All Pages,"[[""if"",130,146,162,166],[""add"",199]]"
GTM-N26LKHCP,trigger_140,Trigger #140,Custom Trigger,All Pages,"[[""if"",112,149,167],[""add"",202]]"
GTM-N26LKHCP,trigger_141,Trigger #141,Custom Trigger,All Pages,"[[""if"",146,168],[""add"",205]]"
GTM-N26LKHCP,trigger_142,Trigger #142,Custom Trigger,All Pages,"[[""if"",48,149,169],[""add"",208]]"
GTM-N26LKHCP,trigger_143,Trigger #143,Custom Trigger,All Pages,"[[""if"",149,170],[""add"",211]]"
GTM-N26LKHCP,trigger_144,Trigger #144,Custom Trigger,All Pages,"[[""if"",149,171],[""add"",214]]"
GTM-N26LKHCP,trigger_145,Trigger #145,Custom Trigger,All Pages,"[[""if"",149],[""unless"",172],[""add"",217]]"
GTM-N26LKHCP,trigger_146,Trigger #146,Custom Trigger,All Pages,"[[""if"",48,149,173],[""add"",220]]"
GTM-N26LKHCP,trigger_147,Trigger #147,Custom Trigger,All Pages,"[[""if"",112,146,174],[""add"",223]]"
GTM-N26LKHCP,trigger_148,Trigger #148,Custom Trigger,All Pages,"[[""if"",146],[""unless"",175,176,177],[""add"",226]]"
GTM-N26LKHCP,trigger_149,Trigger #149,Custom Trigger,All Pages,"[[""if"",149,178],[""add"",229]]"
GTM-N26LKHCP,trigger_150,Trigger #150,Custom Trigger,All Pages,"[[""if"",48,149,179],[""add"",232]]"
GTM-N26LKHCP,trigger_151,Trigger #151,Custom Trigger,All Pages,"[[""if"",149,180],[""add"",235]]"
GTM-N26LKHCP,trigger_152,Trigger #152,Custom Trigger,All Pages,"[[""if"",70,146,151],[""add"",238]]"
GTM-N26LKHCP,trigger_153,Trigger #153,Custom Trigger,All Pages,"[[""if"",149,181],[""add"",241]]"
GTM-N26LKHCP,trigger_154,Trigger #154,Custom Trigger,All Pages,"[[""if"",149],[""add"",244,310,358,406,485,491,500,503,506,509]]"
GTM-N26LKHCP,trigger_155,Trigger #155,Custom Trigger,All Pages,"[[""if"",149,182,183],[""add"",247]]"
GTM-N26LKHCP,trigger_156,Trigger #156,Custom Trigger,All Pages,"[[""if"",70,146,159],[""add"",250]]"
GTM-N26LKHCP,trigger_157,Trigger #157,Custom Trigger,All Pages,"[[""if"",48,130,146,179],[""add"",253]]"
GTM-N26LKHCP,trigger_158,Trigger #158,Custom Trigger,All Pages,"[[""if"",48,149,184],[""add"",256]]"
GTM-N26LKHCP,trigger_159,Trigger #159,Custom Trigger,All Pages,"[[""if"",112,146,164],[""add"",259]]"
GTM-N26LKHCP,trigger_160,Trigger #160,Custom Trigger,All Pages,"[[""if"",48,149,185],[""add"",262]]"
GTM-N26LKHCP,trigger_161,Trigger #161,Custom Trigger,All Pages,"[[""if"",70,149,186],[""add"",265]]"
GTM-N26LKHCP,trigger_162,Trigger #162,Custom Trigger,All Pages,"[[""if"",149,187],[""add"",268]]"
GTM-N26LKHCP,trigger_163,Trigger #163,Custom Trigger,All Pages,"[[""if"",70,149,182],[""add"",271]]"
GTM-N26LKHCP,trigger_164,Trigger #164,Custom Trigger,All Pages,"[[""if"",70,149,188],[""add"",274]]"
GTM-N26LKHCP,trigger_165,Trigger #165,Custom Trigger,All Pages,"[[""if"",149,189],[""add"",277]]"
GTM-N26LKHCP,trigger_166,Trigger #166,Custom Trigger,All Pages,"[[""if"",48,149,190],[""add"",280]]"
GTM-N26LKHCP,trigger_167,Trigger #167,Custom Trigger,All Pages,"[[""if"",70,149,159],[""add"",283]]"
GTM-N26LKHCP,trigger_168,Trigger #168,Custom Trigger,All Pages,"[[""if"",70,149,191],[""add"",286]]"
GTM-N26LKHCP,trigger_169,Trigger #169,Custom Trigger,All Pages,"[[""if"",149,192],[""add"",289]]"
GTM-N26LKHCP,trigger_170,Trigger #170,Custom Trigger,All Pages,"[[""if"",70,149,193],[""add"",292]]"
GTM-N26LKHCP,trigger_171,Trigger #171,Custom Trigger,All Pages,"[[""if"",149,194],[""add"",295]]"
GTM-N26LKHCP,trigger_172,Trigger #172,Custom Trigger,All Pages,"[[""if"",147,149,195],[""add"",298]]"
GTM-N26LKHCP,trigger_173,Trigger #173,Custom Trigger,All Pages,"[[""if"",149,196],[""add"",301]]"
GTM-N26LKHCP,trigger_174,Trigger #174,Custom Trigger,All Pages,"[[""if"",149,197],[""add"",304]]"
GTM-N26LKHCP,trigger_175,Trigger #175,Custom Trigger,All Pages,"[[""if"",149,198],[""add"",307]]"
GTM-N26LKHCP,trigger_176,Trigger #176,Custom Trigger,All Pages,"[[""if"",149,183,199],[""add"",313]]"
GTM-N26LKHCP,trigger_177,Trigger #177,Custom Trigger,All Pages,"[[""if"",149,158,182],[""add"",316]]"
GTM-N26LKHCP,trigger_178,Trigger #178,Custom Trigger,All Pages,"[[""if"",149,200],[""add"",319]]"
GTM-N26LKHCP,trigger_179,Trigger #179,Custom Trigger,All Pages,"[[""if"",48,149,201],[""add"",322]]"
GTM-N26LKHCP,trigger_180,Trigger #180,Custom Trigger,All Pages,"[[""if"",112,146,202],[""add"",325]]"
GTM-N26LKHCP,trigger_181,Trigger #181,Custom Trigger,All Pages,"[[""if"",70,149,203],[""add"",328]]"
GTM-N26LKHCP,trigger_182,Trigger #182,Custom Trigger,All Pages,"[[""if"",149],[""unless"",204],[""add"",334]]"
GTM-N26LKHCP,trigger_183,Trigger #183,Custom Trigger,All Pages,"[[""if"",149,205],[""add"",337]]"
GTM-N26LKHCP,trigger_184,Trigger #184,Custom Trigger,All Pages,"[[""if"",70,149,167],[""add"",340]]"
GTM-N26LKHCP,trigger_185,Trigger #185,Custom Trigger,All Pages,"[[""if"",147,149,206],[""add"",343]]"
GTM-N26LKHCP,trigger_186,Trigger #186,Custom Trigger,All Pages,"[[""if"",70,149,207],[""add"",346]]"
GTM-N26LKHCP,trigger_187,Trigger #187,Custom Trigger,All Pages,"[[""if"",48,149,208],[""add"",349]]"
GTM-N26LKHCP,trigger_188,Trigger #188,Custom Trigger,All Pages,"[[""if"",70,149,209],[""add"",355]]"
GTM-N26LKHCP,trigger_189,Trigger #189,Custom Trigger,All Pages,"[[""if"",149,158,210],[""add"",361]]"
GTM-N26LKHCP,trigger_190,Trigger #190,Custom Trigger,All Pages,"[[""if"",149,211],[""add"",364]]"
GTM-N26LKHCP,trigger_191,Trigger #191,Custom Trigger,All Pages,"[[""if"",149,212],[""add"",367]]"
GTM-N26LKHCP,trigger_192,Trigger #192,Custom Trigger,All Pages,"[[""if"",48,130,146,184],[""add"",373]]"
GTM-N26LKHCP,trigger_193,Trigger #193,Custom Trigger,All Pages,"[[""if"",149],[""unless"",213],[""add"",376]]"
GTM-N26LKHCP,trigger_194,Trigger #194,Custom Trigger,All Pages,"[[""if"",146,159,214],[""add"",379]]"
GTM-N26LKHCP,trigger_195,Trigger #195,Custom Trigger,All Pages,"[[""if"",48,149,215],[""add"",382]]"
GTM-N26LKHCP,trigger_196,Trigger #196,Custom Trigger,All Pages,"[[""if"",149],[""unless"",216],[""add"",385]]"
GTM-N26LKHCP,trigger_197,Trigger #197,Custom Trigger,All Pages,"[[""if"",48,146,182],[""add"",391]]"
GTM-N26LKHCP,trigger_198,Trigger #198,Custom Trigger,All Pages,"[[""if"",70,146,191],[""add"",394]]"
GTM-N26LKHCP,trigger_199,Trigger #199,Custom Trigger,All Pages,"[[""if"",149,217],[""add"",397]]"
GTM-N26LKHCP,trigger_200,Trigger #200,Custom Trigger,All Pages,"[[""if"",149,218],[""add"",400]]"
GTM-N26LKHCP,trigger_201,Trigger #201,Custom Trigger,All Pages,"[[""if"",149,219,220],[""add"",403]]"
GTM-N26LKHCP,trigger_202,Trigger #202,Custom Trigger,All Pages,"[[""if"",112,146,221],[""add"",412]]"
GTM-N26LKHCP,trigger_203,Trigger #203,Custom Trigger,All Pages,"[[""if"",149,222],[""add"",415]]"
GTM-N26LKHCP,trigger_204,Trigger #204,Custom Trigger,All Pages,"[[""if"",146,214,223],[""add"",418]]"
GTM-N26LKHCP,trigger_205,Trigger #205,Custom Trigger,All Pages,"[[""if"",146,224],[""add"",421]]"
GTM-N26LKHCP,trigger_206,Trigger #206,Custom Trigger,All Pages,"[[""if"",146,225],[""add"",424]]"
GTM-N26LKHCP,trigger_207,Trigger #207,Custom Trigger,All Pages,"[[""if"",149,226],[""add"",427]]"
GTM-N26LKHCP,trigger_208,Trigger #208,Custom Trigger,All Pages,"[[""if"",112,149,227],[""add"",430]]"
GTM-N26LKHCP,trigger_209,Trigger #209,Custom Trigger,All Pages,"[[""if"",149,158,209],[""add"",433]]"
GTM-N26LKHCP,trigger_210,Trigger #210,Custom Trigger,All Pages,"[[""if"",48,146,228],[""add"",436]]"
GTM-N26LKHCP,trigger_211,Trigger #211,Custom Trigger,All Pages,"[[""if"",149,229],[""add"",439]]"
GTM-N26LKHCP,trigger_212,Trigger #212,Custom Trigger,All Pages,"[[""if"",149,230],[""add"",445]]"
GTM-N26LKHCP,trigger_213,Trigger #213,Custom Trigger,All Pages,"[[""if"",112,149,165],[""add"",448]]"
GTM-N26LKHCP,trigger_214,Trigger #214,Custom Trigger,All Pages,"[[""if"",149,231],[""add"",451]]"
GTM-N26LKHCP,trigger_215,Trigger #215,Custom Trigger,All Pages,"[[""if"",70,149,232],[""add"",454]]"
GTM-N26LKHCP,trigger_216,Trigger #216,Custom Trigger,All Pages,"[[""if"",149,233],[""add"",457]]"
GTM-N26LKHCP,trigger_217,Trigger #217,Custom Trigger,All Pages,"[[""if"",149,234],[""add"",460]]"
GTM-N26LKHCP,trigger_218,Trigger #218,Custom Trigger,All Pages,"[[""if"",149,235],[""add"",463]]"
GTM-N26LKHCP,trigger_219,Trigger #219,Custom Trigger,All Pages,"[[""if"",149,165,214],[""add"",466,538,519]]"
GTM-N26LKHCP,trigger_220,Trigger #220,Custom Trigger,All Pages,"[[""if"",48,146,236],[""add"",469]]"
GTM-N26LKHCP,trigger_221,Trigger #221,Custom Trigger,All Pages,"[[""if"",48,149,237],[""add"",472]]"
GTM-N26LKHCP,trigger_222,Trigger #222,Custom Trigger,All Pages,"[[""if"",149],[""unless"",238],[""add"",475]]"
GTM-N26LKHCP,trigger_223,Trigger #223,Custom Trigger,All Pages,"[[""if"",112,149,163],[""add"",478]]"
GTM-N26LKHCP,trigger_224,Trigger #224,Custom Trigger,All Pages,"[[""if"",149,239],[""add"",481]]"
GTM-N26LKHCP,trigger_225,Trigger #225,Custom Trigger,All Pages,"[[""if"",146],[""unless"",240],[""add"",495]]"
GTM-N26LKHCP,trigger_226,Trigger #226,Custom Trigger,All Pages,"[[""if"",241,242],[""add"",497]]"
GTM-N26LKHCP,trigger_227,Trigger #227,Custom Trigger,All Pages,"[[""if"",149,243],[""add"",512]]"
GTM-N26LKHCP,trigger_228,Trigger #228,Custom Trigger,All Pages,"[[""if"",149,244],[""add"",516]]"
GTM-N26LKHCP,trigger_229,Trigger #229,Custom Trigger,All Pages,"[[""if"",146],[""unless"",245],[""add"",524]]"
GTM-N26LKHCP,trigger_230,Trigger #230,Custom Trigger,All Pages,"[[""if"",241,246],[""add"",527]]"
GTM-N26LKHCP,trigger_231,Trigger #231,Custom Trigger,All Pages,"[[""if"",241,247],[""add"",533]]"
GTM-N26LKHCP,trigger_232,Trigger #232,Custom Trigger,All Pages,"[[""if"",146],[""unless"",248],[""add"",534]]"
GTM-N26LKHCP,trigger_233,Trigger #233,Custom Trigger,All Pages,"[[""if"",249],[""add"",537]]"
GTM-N26LKHCP,trigger_234,Trigger #234,Custom Trigger,All Pages,"[[""if"",149,250,251],[""add"",539]]"
GTM-N26LKHCP,trigger_235,Trigger #235,Custom Trigger,All Pages,"[[""if"",0,252],[""add"",540]]"
GTM-N26LKHCP,trigger_236,Trigger #236,Custom Trigger,All Pages,"[[""if"",8,253],[""unless"",6],[""add"",542]]"
GTM-N26LKHCP,trigger_237,Trigger #237,Custom Trigger,All Pages,"[[""if"",52,153,254],[""add"",543,589,11]]"
GTM-N26LKHCP,trigger_238,Trigger #238,Custom Trigger,All Pages,"[[""if"",0,256],[""unless"",255],[""add"",549]]"
GTM-N26LKHCP,trigger_239,Trigger #239,Custom Trigger,All Pages,"[[""if"",66,257],[""add"",550]]"
GTM-N26LKHCP,trigger_240,Trigger #240,Custom Trigger,All Pages,"[[""if"",0,259],[""unless"",197,258],[""add"",551]]"
GTM-N26LKHCP,trigger_241,Trigger #241,Custom Trigger,All Pages,"[[""if"",0,260],[""add"",552]]"
GTM-N26LKHCP,trigger_242,Trigger #242,Custom Trigger,All Pages,"[[""if"",8,12],[""unless"",6,261],[""add"",553]]"
GTM-N26LKHCP,trigger_243,Trigger #243,Custom Trigger,All Pages,"[[""if"",149,250],[""add"",556]]"
GTM-N26LKHCP,trigger_244,Trigger #244,Custom Trigger,All Pages,"[[""if"",0,263],[""add"",557]]"
GTM-N26LKHCP,trigger_245,Trigger #245,Custom Trigger,All Pages,"[[""if"",0,264],[""add"",562]]"
GTM-N26LKHCP,trigger_246,Trigger #246,Custom Trigger,All Pages,"[[""if"",0,265],[""add"",563]]"
GTM-N26LKHCP,trigger_247,Trigger #247,Custom Trigger,All Pages,"[[""if"",52,266],[""add"",7]]"
GTM-N26LKHCP,trigger_248,Trigger #248,Custom Trigger,All Pages,"[[""if"",0,268],[""unless"",267],[""add"",566]]"
GTM-N26LKHCP,trigger_249,Trigger #249,Custom Trigger,All Pages,"[[""if"",0,269],[""add"",567]]"
GTM-N26LKHCP,trigger_250,Trigger #250,Custom Trigger,All Pages,"[[""if"",0,271],[""unless"",270],[""add"",569]]"
GTM-N26LKHCP,trigger_251,Trigger #251,Custom Trigger,All Pages,"[[""if"",0,272],[""add"",570,595]]"
GTM-N26LKHCP,trigger_252,Trigger #252,Custom Trigger,All Pages,"[[""if"",0,273,274],[""add"",571]]"
GTM-N26LKHCP,trigger_253,Trigger #253,Custom Trigger,All Pages,"[[""if"",0,275],[""add"",573]]"
GTM-N26LKHCP,trigger_254,Trigger #254,Custom Trigger,All Pages,"[[""if"",0,276],[""add"",574]]"
GTM-N26LKHCP,trigger_255,Trigger #255,Custom Trigger,All Pages,"[[""if"",0,277],[""add"",575,586]]"
GTM-N26LKHCP,trigger_256,Trigger #256,Custom Trigger,All Pages,"[[""if"",8,48,69],[""unless"",6],[""add"",576]]"
GTM-N26LKHCP,trigger_257,Trigger #257,Custom Trigger,All Pages,"[[""if"",0,278],[""add"",583]]"
GTM-N26LKHCP,trigger_258,Trigger #258,Custom Trigger,All Pages,"[[""if"",279,280],[""add"",584,10]]"
GTM-N26LKHCP,trigger_259,Trigger #259,Custom Trigger,All Pages,"[[""if"",0,281,282],[""unless"",258],[""add"",588]]"
GTM-N26LKHCP,trigger_260,Trigger #260,Custom Trigger,All Pages,"[[""if"",0,283],[""add"",590]]"
GTM-N26LKHCP,trigger_261,Trigger #261,Custom Trigger,All Pages,"[[""if"",0,284],[""add"",593]]"
GTM-N26LKHCP,trigger_262,Trigger #262,Custom Trigger,All Pages,"[[""if"",8],[""unless"",6,204],[""add"",594]]"
GTM-N26LKHCP,trigger_263,Trigger #263,Custom Trigger,All Pages,"[[""if"",8,166,285],[""unless"",6],[""add"",596]]"
GTM-N26LKHCP,trigger_264,Trigger #264,Custom Trigger,All Pages,"[[""if"",8,286],[""unless"",6],[""add"",597]]"
GTM-N26LKHCP,trigger_265,Trigger #265,Custom Trigger,All Pages,"[[""if"",8],[""unless"",6,287],[""add"",599]]"
GTM-N26LKHCP,trigger_266,Trigger #266,Custom Trigger,All Pages,"[[""if"",0,290],[""unless"",270],[""add"",602]]"
GTM-N26LKHCP,trigger_267,Trigger #267,Custom Trigger,All Pages,"[[""if"",0,291],[""add"",12]]"
GTM-N26LKHCP,trigger_268,Trigger #268,Custom Trigger,All Pages,"[[""if"",8,292],[""unless"",6,261],[""add"",13]]"
GTM-N26LKHCP,trigger_269,Trigger #269,Custom Trigger,All Pages,"[[""if"",0,293],[""add"",607]]"
GTM-N26LKHCP,trigger_270,Trigger #270,Custom Trigger,All Pages,"[[""if"",0,294],[""add"",613,624]]"
GTM-N26LKHCP,trigger_271,Trigger #271,Custom Trigger,All Pages,"[[""if"",0,295],[""add"",614]]"
GTM-N26LKHCP,trigger_272,Trigger #272,Custom Trigger,All Pages,"[[""if"",0,296],[""add"",615]]"
GTM-N26LKHCP,trigger_273,Trigger #273,Custom Trigger,All Pages,"[[""if"",0,297],[""add"",616]]"
GTM-N26LKHCP,trigger_274,Trigger #274,Custom Trigger,All Pages,"[[""if"",0,301],[""add"",634]]"
GTM-N26LKHCP,trigger_275,Trigger #275,Custom Trigger,All Pages,"[[""if"",0,130,303],[""unless"",302],[""add"",635]]"
GTM-N26LKHCP,trigger_276,Trigger #276,Custom Trigger,All Pages,"[[""if"",0,304],[""add"",643]]"
GTM-N26LKHCP,trigger_277,Trigger #277,Custom Trigger,All Pages,"[[""if"",2,3],[""block"",14,15,16,17,18,19,20,22,23,24,25,28,29,30,31,32,33,34,35,36,37,38,39,40,41,42,43,44,45,46,47,49,50,52,53,54,55,56,57,58,59,60,61,62,63,64,65,66,67,69,70,71,74,75,77,78,79,80,82,83,85,86,87,88,90,92,93,95,96,97,99,101,102,103,104,105,106,107,108,109,110,111,114,539,541,542,544,549,552,554,555,556,565,567,569,570,571,573,575,576,585,588,594,596,597,600,602,603,605,13,610,611,613,614,615,616,624]]"
GTM-N26LKHCP,trigger_278,Trigger #278,Custom Trigger,All Pages,"[[""if"",3],[""unless"",14],[""block"",21,26,48,51,68,72,73,76,81,89,91,98,100,538,545,546,547,548,550,551,553,558,560,561,562,563,564,566,568,572,574,577,579,581,582,583,587,590,591,592,595,601,604,607,608,609,623]]"
GTM-N26LKHCP,trigger_279,Trigger #279,Custom Trigger,All Pages,"[[""if"",3,248],[""block"",543,557,7,584,598,617,618,619,620,621,622,631,643]]"
GTM-N26LKHCP,trigger_280,Trigger #280,Custom Trigger,All Pages,"[[""if"",146,262],[""block"",556]]"
GTM-N26LKHCP,trigger_281,Trigger #281,Custom Trigger,All Pages,"[[""if"",288,289],[""block"",599,633]]"
GTM-N26LKHCP,trigger_282,Trigger #282,Custom Trigger,All Pages,"[[""if"",3,298],[""block"",625,626,627,628]]"
GTM-N26LKHCP,trigger_283,Trigger #283,Custom Trigger,All Pages,"[[""if"",3,299],[""block"",629,9,10,11,630]]"
GTM-N26LKHCP,trigger_284,Trigger #284,Custom Trigger,All Pages,"[[""if"",3,300],[""block"",632,633]]"